date_key,day,month,year,weekend,season_canada,season_international
1,26,4,00,no,spring,spring
2,1,1,01,no,winter,winter
3,1,1,02,no,winter,winter
4,1,3,02,no,winter,winter
5,22,5,02,no,spring,spring
6,1,1,03,no,winter,winter
7,29,4,03,no,spring,spring
8,1,1,04,no,winter,winter
9,1,9,92,no,summer,summer
10,17,7,95,no,summer,summer
11,28,2,03,no,winter,winter
12,19,4,04,no,spring,spring
13,24,4,04,yes,spring,spring
14,15,2,05,no,winter,winter
15,17,2,05,no,winter,winter
16,13,8,05,yes,summer,summer
17,1,1,06,yes,winter,winter
18,29,8,07,no,summer,summer
19,26,4,08,yes,spring,spring
20,1,8,08,no,summer,summer
21,3,8,08,yes,summer,summer
22,4,1,09,yes,winter,winter
23,28,11,09,yes,fall,fall
24,1,1,10,no,winter,winter
25,21,1,10,no,winter,winter
26,5,3,10,no,spring,spring
27,15,4,10,no,spring,spring
28,18,4,10,yes,spring,spring
29,11,7,11,no,summer,summer
30,30,6,12,yes,summer,summer
31,8,7,12,yes,summer,summer
32,10,7,12,no,summer,summer
33,7,11,13,no,fall,fall
34,13,11,13,no,fall,fall
35,1,1,14,no,winter,winter
36,1,4,14,no,spring,spring
37,28,5,14,no,spring,spring
38,19,6,14,no,spring,spring
39,1,1,15,no,winter,winter
40,1,2,15,yes,winter,winter
41,22,3,15,yes,spring,spring
42,8,7,15,no,summer,summer
43,9,7,15,no,summer,summer
44,3,2,16,no,winter,winter
45,24,4,16,yes,spring,spring
46,29,7,16,no,summer,summer
47,11,9,16,yes,summer,summer
48,1,1,17,yes,winter,winter
49,25,7,17,no,summer,summer
50,28,10,17,yes,fall,fall
51,19,11,17,yes,fall,fall
52,6,12,17,no,winter,winter
53,1,1,18,no,winter,winter
54,1,1,25,no,winter,winter
55,31,12,18,no,winter,winter
56,23,1,18,no,winter,winter
57,12,10,18,no,fall,fall
58,23,10,18,no,fall,fall
59,1,1,19,no,winter,winter
60,31,12,19,no,winter,winter
61,1,1,20,no,winter,winter
62,31,12,20,no,winter,winter
63,17,3,20,no,winter,winter
64,21,3,20,yes,spring,spring
65,22,7,20,no,summer,summer
66,1,4,86,no,spring,spring
67,30,6,86,no,summer,summer
68,4,4,86,no,spring,spring
69,29,5,86,no,spring,spring
70,30,5,86,no,spring,spring
71,2,6,86,no,spring,spring
72,14,5,86,no,spring,spring
73,15,5,86,no,spring,spring
74,16,5,86,no,spring,spring
75,4,4,87,yes,spring,spring
76,16,7,86,no,summer,summer
77,24,7,86,no,summer,summer
78,26,10,86,yes,fall,fall
79,7,11,86,no,fall,fall
80,29,5,87,no,spring,spring
81,6,7,87,no,summer,summer
82,14,7,87,no,summer,summer
83,1,10,87,no,fall,fall
84,1,1,88,no,winter,winter
85,31,7,87,no,summer,summer
86,7,3,88,no,spring,spring
87,1,4,88,no,spring,spring
88,8,5,88,yes,spring,spring
89,10,5,88,no,spring,spring
90,24,5,88,no,spring,spring
91,4,6,88,yes,summer,summer
92,11,6,88,yes,spring,spring
93,20,6,88,no,spring,spring
94,28,6,88,no,summer,summer
95,29,6,88,no,summer,summer
96,5,7,88,no,summer,summer
97,11,7,88,no,summer,summer
98,17,12,88,yes,fall,fall
99,8,7,88,no,summer,summer
100,16,8,88,no,summer,summer
101,25,11,88,no,fall,fall
102,23,8,88,no,summer,summer
103,1,1,89,yes,winter,winter
104,30,1,89,no,winter,winter
105,10,3,89,no,winter,winter
106,1,7,89,yes,summer,summer
107,1,5,89,no,spring,spring
108,9,5,89,no,spring,spring
109,11,5,89,no,spring,spring
110,20,9,89,no,summer,summer
111,22,7,89,yes,summer,summer
112,10,9,89,yes,summer,summer
113,12,9,89,no,summer,summer
114,29,9,89,no,fall,fall
115,2,10,89,no,fall,fall
116,8,11,89,no,fall,fall
117,12,11,89,yes,fall,fall
118,7,12,89,no,winter,winter
119,12,12,89,no,fall,fall
120,25,12,89,no,winter,winter
121,9,12,90,yes,winter,winter
122,1,1,90,no,winter,winter
123,9,7,90,no,summer,summer
124,20,7,90,no,summer,summer
125,23,7,90,no,summer,summer
126,28,5,10,no,spring,spring
127,30,5,10,yes,spring,spring
128,18,12,89,no,fall,fall
129,17,1,90,no,winter,winter
130,11,2,90,yes,winter,winter
131,12,2,90,no,winter,winter
132,28,2,90,no,winter,winter
133,23,2,90,no,winter,winter
134,19,3,90,no,winter,winter
135,23,4,90,no,spring,spring
136,27,3,91,no,spring,spring
137,16,5,90,no,spring,spring
138,19,5,90,yes,spring,spring
139,25,5,90,no,spring,spring
140,4,7,90,no,summer,summer
141,1,8,90,no,summer,summer
142,29,8,90,no,summer,summer
143,12,6,90,no,spring,spring
144,11,7,90,no,summer,summer
145,26,9,90,no,fall,fall
146,8,11,90,no,fall,fall
147,13,11,90,no,fall,fall
148,16,12,90,yes,fall,fall
149,17,6,10,no,spring,spring
150,1,1,91,no,winter,winter
151,11,1,91,no,winter,winter
152,12,3,91,no,winter,winter
153,1,4,91,no,spring,spring
154,7,4,91,yes,spring,spring
155,8,4,91,no,spring,spring
156,1,5,91,no,spring,spring
157,8,5,91,no,spring,spring
158,9,5,91,no,spring,spring
159,29,6,91,yes,summer,summer
160,3,7,91,no,summer,summer
161,9,7,91,no,summer,summer
162,10,7,91,no,summer,summer
163,11,7,91,no,summer,summer
164,22,7,91,no,summer,summer
165,5,8,91,no,summer,summer
166,19,8,91,no,summer,summer
167,27,8,91,no,summer,summer
168,29,8,91,no,summer,summer
169,1,9,91,yes,summer,summer
170,7,9,91,yes,fall,fall
171,26,9,91,no,fall,fall
172,1,10,91,no,fall,fall
173,8,10,91,no,fall,fall
174,16,10,91,no,fall,fall
175,25,10,91,no,fall,fall
176,3,11,91,yes,fall,fall
177,14,10,91,no,fall,fall
178,20,11,91,no,fall,fall
179,30,11,91,yes,fall,fall
180,6,12,91,no,winter,winter
181,1,1,92,no,winter,winter
182,21,1,92,no,winter,winter
183,1,2,92,yes,winter,winter
184,4,2,92,no,winter,winter
185,16,2,92,yes,winter,winter
186,28,8,92,no,summer,summer
187,31,1,92,no,winter,winter
188,28,2,92,no,winter,winter
189,4,3,92,no,spring,spring
190,12,3,92,no,winter,winter
191,13,3,92,no,winter,winter
192,19,3,92,no,winter,winter
193,26,3,92,no,spring,spring
194,25,4,92,yes,spring,spring
195,9,5,92,yes,spring,spring
196,18,5,92,no,spring,spring
197,25,5,92,no,spring,spring
198,31,7,92,no,summer,summer
199,18,12,92,no,fall,fall
200,17,6,92,no,spring,spring
201,30,7,92,no,summer,summer
202,18,9,92,no,summer,summer
203,6,10,92,no,fall,fall
204,21,12,92,no,winter,winter
205,1,1,93,no,winter,winter
206,15,3,93,no,winter,winter
207,12,4,93,no,spring,spring
208,27,4,93,no,spring,spring
209,29,7,93,no,summer,summer
210,30,7,93,no,summer,summer
211,4,7,93,yes,summer,summer
212,14,7,93,no,summer,summer
213,25,7,93,yes,summer,summer
214,14,8,93,yes,summer,summer
215,17,10,93,yes,fall,fall
216,1,11,93,no,fall,fall
217,1,3,94,no,winter,winter
218,26,11,93,no,fall,fall
219,23,1,94,yes,winter,winter
220,6,2,94,yes,winter,winter
221,5,1,94,no,winter,winter
222,16,1,94,yes,winter,winter
223,17,1,94,no,winter,winter
224,28,1,94,no,winter,winter
225,16,4,94,yes,spring,spring
226,26,4,94,no,spring,spring
227,18,5,94,no,spring,spring
228,22,5,94,yes,spring,spring
229,18,6,94,yes,spring,spring
230,24,7,94,yes,summer,summer
231,1,1,95,yes,winter,winter
232,4,7,95,no,summer,summer
233,25,5,94,no,spring,spring
234,1,8,94,no,summer,summer
235,4,8,94,no,summer,summer
236,27,8,94,yes,summer,summer
237,28,8,94,yes,summer,summer
238,17,10,94,no,fall,fall
239,21,10,94,no,fall,fall
240,8,12,94,no,winter,winter
241,12,12,94,no,fall,fall
242,21,1,95,yes,winter,winter
243,10,3,95,no,winter,winter
244,29,5,95,no,spring,spring
245,1,4,95,yes,spring,spring
246,5,6,95,no,summer,summer
247,9,6,95,no,summer,summer
248,6,6,95,no,summer,summer
249,15,6,95,no,spring,spring
250,10,7,95,no,summer,summer
251,13,7,95,no,summer,summer
252,15,7,95,yes,summer,summer
253,30,7,95,yes,summer,summer
254,11,8,95,no,summer,summer
255,11,9,95,no,summer,summer
256,26,9,95,no,fall,fall
257,5,10,95,no,fall,fall
258,6,10,95,no,fall,fall
259,16,11,95,no,fall,fall
260,10,12,95,yes,fall,fall
261,11,12,95,no,fall,fall
262,27,11,95,no,fall,fall
263,29,11,95,no,fall,fall
264,1,1,96,no,winter,winter
265,17,2,96,yes,winter,winter
266,19,2,96,no,winter,winter
267,20,4,96,yes,spring,spring
268,17,5,96,no,spring,spring
269,19,5,96,yes,spring,spring
270,5,7,96,no,summer,summer
271,6,7,96,yes,summer,summer
272,16,7,96,no,summer,summer
273,18,4,96,no,spring,spring
274,8,5,96,no,spring,spring
275,17,6,96,no,spring,spring
276,21,6,96,no,summer,summer
277,18,7,96,no,summer,summer
278,24,7,96,no,summer,summer
279,25,7,96,no,summer,summer
280,8,8,96,no,summer,summer
281,29,11,96,no,fall,fall
282,29,12,96,yes,winter,winter
283,1,1,97,no,winter,winter
284,9,1,97,no,winter,winter
285,18,3,97,no,winter,winter
286,24,3,97,no,spring,spring
287,30,3,97,yes,spring,spring
288,3,4,97,no,spring,spring
289,29,10,06,yes,fall,fall
290,19,4,97,yes,spring,spring
291,23,4,97,no,spring,spring
292,22,4,97,no,spring,spring
293,14,5,97,no,spring,spring
294,1,5,97,no,spring,spring
295,29,5,97,no,spring,spring
296,10,6,97,no,spring,spring
297,13,5,07,yes,spring,spring
298,12,6,97,no,spring,spring
299,17,6,97,no,spring,spring
300,20,6,97,no,spring,spring
301,10,7,97,no,summer,summer
302,11,7,97,no,summer,summer
303,13,10,97,no,fall,fall
304,1,1,98,no,winter,winter
305,4,1,98,yes,winter,winter
306,10,1,98,yes,winter,winter
307,16,1,98,no,winter,winter
308,9,3,98,no,spring,spring
309,10,3,98,no,winter,winter
310,1,1,99,no,winter,winter
311,3,1,99,yes,winter,winter
312,31,7,08,no,summer,summer
313,4,8,08,no,summer,summer
314,28,3,98,yes,spring,spring
315,15,4,98,no,spring,spring
316,5,5,98,no,spring,spring
317,21,5,98,no,spring,spring
318,18,6,98,no,spring,spring
319,4,7,98,yes,summer,summer
320,31,7,98,no,summer,summer
321,10,7,98,no,summer,summer
322,5,7,98,yes,summer,summer
323,22,7,98,no,summer,summer
324,1,8,98,yes,summer,summer
325,10,8,98,no,summer,summer
326,17,8,98,no,summer,summer
327,24,12,98,no,winter,winter
328,29,12,98,no,winter,winter
329,2,9,98,no,summer,summer
330,23,11,98,no,fall,fall
331,25,11,98,no,fall,fall
332,13,2,99,yes,winter,winter
333,21,2,99,yes,winter,winter
334,13,1,99,no,winter,winter
335,15,1,99,no,winter,winter
336,25,1,99,no,winter,winter
337,29,1,99,no,winter,winter
338,11,2,99,no,winter,winter
339,1,3,99,no,winter,winter
340,30,7,99,no,summer,summer
341,5,3,99,no,spring,spring
342,1,4,99,no,spring,spring
343,30,6,99,no,summer,summer
344,23,4,99,no,spring,spring
345,31,5,99,no,spring,spring
346,4,5,99,no,spring,spring
347,12,6,99,yes,spring,spring
348,22,6,99,no,summer,summer
349,16,6,99,no,spring,spring
350,25,6,99,no,summer,summer
351,18,6,99,no,spring,spring
352,19,6,99,yes,spring,spring
353,21,6,99,no,summer,summer
354,28,6,99,no,summer,summer
355,1,7,99,no,summer,summer
356,4,7,99,yes,summer,summer
357,5,7,99,no,summer,summer
358,6,7,99,no,summer,summer
359,16,7,99,no,summer,summer
360,9,8,99,no,summer,summer
361,3,9,99,no,fall,fall
362,7,9,99,no,fall,fall
363,23,9,99,no,fall,fall
364,24,9,99,no,fall,fall
365,1,10,99,no,fall,fall
366,7,12,99,no,winter,winter
367,30,12,99,no,winter,winter
368,17,1,00,no,winter,winter
369,22,1,00,yes,winter,winter
370,13,4,00,no,spring,spring
371,14,4,00,no,spring,spring
372,20,4,00,no,spring,spring
373,21,4,00,no,spring,spring
374,14,7,00,no,summer,summer
375,1,8,00,no,summer,summer
376,19,5,00,no,spring,spring
377,3,7,00,no,summer,summer
378,7,7,00,no,summer,summer
379,29,10,00,yes,fall,fall
380,2,11,00,no,fall,fall
381,11,11,00,yes,fall,fall
382,27,11,00,no,fall,fall
383,10,2,01,yes,winter,winter
384,1,4,01,yes,spring,spring
385,1,6,01,no,spring,spring
386,31,7,01,no,summer,summer
387,1,7,01,yes,summer,summer
388,11,9,01,no,summer,summer
389,19,9,01,no,summer,summer
390,14,4,02,yes,spring,spring
391,20,5,02,no,spring,spring
392,14,5,02,no,spring,spring
393,17,5,02,no,spring,spring
394,7,6,02,no,summer,summer
395,30,5,02,no,spring,spring
396,1,5,02,no,spring,spring
397,9,6,02,yes,summer,summer
398,11,6,02,no,spring,spring
399,21,6,02,no,summer,summer
400,23,6,02,yes,summer,summer
401,24,6,02,no,summer,summer
402,28,6,02,no,summer,summer
403,30,6,02,yes,summer,summer
404,1,7,02,no,summer,summer
405,2,7,02,no,summer,summer
406,3,7,02,no,summer,summer
407,30,7,02,no,summer,summer
408,12,8,02,no,summer,summer
409,16,11,02,yes,fall,fall
410,21,1,03,no,winter,winter
411,21,2,03,no,winter,winter
412,15,2,03,yes,winter,winter
413,31,3,03,no,spring,spring
414,1,4,03,no,spring,spring
415,31,10,03,no,fall,fall
416,19,5,03,no,spring,spring
417,1,7,03,no,summer,summer
418,31,8,03,yes,summer,summer
419,21,7,03,no,summer,summer
420,4,8,03,no,summer,summer
421,14,8,03,no,summer,summer
422,29,9,03,no,fall,fall
423,16,10,03,no,fall,fall
424,23,10,03,no,fall,fall
425,18,2,04,no,winter,winter
426,20,2,04,no,winter,winter
427,24,3,04,no,spring,spring
428,26,3,04,no,spring,spring
429,19,5,04,no,spring,spring
430,8,7,04,no,summer,summer
431,2,7,04,no,summer,summer
432,11,7,04,yes,summer,summer
433,21,7,04,no,summer,summer
434,10,8,04,no,summer,summer
435,13,8,04,no,summer,summer
436,14,8,04,yes,summer,summer
437,26,12,04,yes,winter,winter
438,27,12,04,no,winter,winter
439,17,1,05,no,winter,winter
440,31,1,05,no,winter,winter
441,30,3,05,no,spring,spring
442,31,3,05,no,spring,spring
443,23,4,05,yes,spring,spring
444,9,4,05,yes,spring,spring
445,15,5,05,yes,spring,spring
446,11,5,05,no,spring,spring
447,14,5,05,yes,spring,spring
448,25,5,05,no,spring,spring
449,27,5,05,no,spring,spring
450,29,5,05,yes,spring,spring
451,2,6,05,no,spring,spring
452,6,6,05,no,summer,summer
453,23,6,05,no,summer,summer
454,28,8,05,yes,summer,summer
455,31,8,05,no,summer,summer
456,27,9,05,no,fall,fall
457,28,9,05,no,fall,fall
458,24,9,05,yes,fall,fall
459,26,10,05,no,fall,fall
460,13,12,05,no,fall,fall
461,4,2,06,yes,winter,winter
462,13,4,06,no,spring,spring
463,23,4,06,yes,spring,spring
464,20,5,06,yes,spring,spring
465,16,6,06,no,spring,spring
466,18,6,06,yes,spring,spring
467,27,5,06,yes,spring,spring
468,3,7,06,no,summer,summer
469,5,7,06,no,summer,summer
470,4,7,06,no,summer,summer
471,7,7,06,no,summer,summer
472,6,7,06,no,summer,summer
473,24,7,06,no,summer,summer
474,15,8,06,no,summer,summer
475,19,8,06,yes,summer,summer
476,28,10,06,yes,fall,fall
477,1,12,06,no,fall,fall
478,2,12,06,yes,fall,fall
479,20,12,06,no,fall,fall
480,11,12,06,no,fall,fall
481,12,3,07,no,winter,winter
482,3,4,07,no,spring,spring
483,13,4,07,no,spring,spring
484,19,4,07,no,spring,spring
485,23,4,07,no,spring,spring
486,28,4,07,yes,spring,spring
487,10,5,07,no,spring,spring
488,25,5,07,no,spring,spring
489,27,5,07,yes,spring,spring
490,3,6,07,yes,summer,summer
491,5,6,07,no,summer,summer
492,16,6,07,yes,spring,spring
493,17,6,07,yes,spring,spring
494,5,7,07,no,summer,summer
495,21,7,07,yes,summer,summer
496,22,6,07,no,summer,summer
497,19,7,07,no,summer,summer
498,26,7,07,no,summer,summer
499,1,8,07,no,summer,summer
500,4,8,07,yes,summer,summer
501,7,8,07,no,summer,summer
502,8,8,07,no,summer,summer
503,9,8,07,no,summer,summer
504,12,11,07,no,fall,fall
505,17,12,07,no,fall,fall
506,10,12,07,no,fall,fall
507,28,1,08,no,winter,winter
508,14,2,08,no,winter,winter
509,18,2,08,no,winter,winter
510,21,3,08,no,spring,spring
511,14,4,08,no,spring,spring
512,17,4,08,no,spring,spring
513,25,4,08,no,spring,spring
514,28,4,08,no,spring,spring
515,2,5,08,no,spring,spring
516,30,5,08,no,spring,spring
517,9,5,08,no,spring,spring
518,16,5,08,no,spring,spring
519,19,5,08,no,spring,spring
520,10,6,08,no,spring,spring
521,28,5,08,no,spring,spring
522,24,5,08,yes,spring,spring
523,31,5,08,yes,spring,spring
524,13,6,08,no,spring,spring
525,29,6,08,yes,summer,summer
526,30,6,08,no,summer,summer
527,11,7,08,no,summer,summer
528,1,7,08,no,summer,summer
529,6,7,08,yes,summer,summer
530,20,7,08,yes,summer,summer
531,15,4,07,yes,spring,spring
532,22,7,08,no,summer,summer
533,10,8,08,yes,summer,summer
534,15,8,08,no,summer,summer
535,7,9,08,yes,fall,fall
536,15,9,08,no,summer,summer
537,24,4,79,no,spring,spring
538,7,5,79,no,spring,spring
539,8,6,99,no,summer,summer
540,1,6,95,no,spring,spring
541,17,4,06,no,spring,spring
542,3,11,07,yes,fall,fall
543,8,6,08,yes,summer,summer
544,9,6,08,no,summer,summer
545,6,9,08,yes,fall,fall
546,5,5,08,no,spring,spring
547,7,5,08,no,spring,spring
548,29,8,08,no,summer,summer
549,31,8,08,yes,summer,summer
550,30,7,08,no,summer,summer
551,17,5,08,yes,spring,spring
552,6,1,09,no,winter,winter
553,8,1,09,no,winter,winter
554,28,11,03,no,fall,fall
555,13,3,03,no,winter,winter
556,21,1,00,no,winter,winter
557,1,4,09,no,spring,spring
558,1,2,10,no,winter,winter
559,14,4,10,no,spring,spring
560,1,5,09,no,spring,spring
561,23,5,10,yes,spring,spring
562,31,8,09,no,summer,summer
563,25,4,09,yes,spring,spring
564,23,9,93,no,fall,fall
565,26,9,05,no,fall,fall
566,20,8,09,no,summer,summer
567,1,8,09,yes,summer,summer
568,3,8,09,no,summer,summer
569,28,6,09,yes,summer,summer
570,4,7,09,yes,summer,summer
571,26,7,09,yes,summer,summer
572,14,5,09,no,spring,spring
573,5,4,09,yes,spring,spring
574,4,5,09,no,spring,spring
575,23,6,10,no,summer,summer
576,4,8,09,no,summer,summer
577,14,8,09,no,summer,summer
578,6,7,10,no,summer,summer
579,23,8,09,yes,summer,summer
580,25,10,09,yes,fall,fall
581,28,10,09,no,fall,fall
582,4,11,07,yes,fall,fall
583,4,12,07,no,winter,winter
584,28,9,08,yes,fall,fall
585,21,8,10,yes,summer,summer
586,22,8,10,yes,summer,summer
587,18,7,09,yes,summer,summer
588,4,11,10,no,fall,fall
589,10,11,10,no,fall,fall
590,21,5,08,no,spring,spring
591,25,5,08,yes,spring,spring
592,2,1,10,yes,winter,winter
593,3,1,10,yes,winter,winter
594,29,6,10,no,summer,summer
595,2,7,10,no,summer,summer
596,12,12,10,yes,fall,fall
597,14,12,10,no,fall,fall
598,13,12,10,no,fall,fall
599,1,10,02,no,fall,fall
600,6,6,10,yes,summer,summer
601,22,7,10,no,summer,summer
602,21,9,10,no,summer,summer
603,28,7,10,no,summer,summer
604,8,9,10,no,fall,fall
605,12,1,10,no,winter,winter
606,1,1,21,no,winter,winter
607,15,7,74,no,summer,summer
608,29,10,78,yes,fall,fall
609,7,11,78,no,fall,fall
610,9,1,08,no,winter,winter
611,1,11,78,no,fall,fall
612,8,2,21,no,winter,winter
613,13,7,86,yes,summer,summer
614,28,3,87,yes,spring,spring
615,5,4,87,yes,spring,spring
616,12,5,10,no,spring,spring
617,28,10,21,no,fall,fall
618,2,4,87,no,spring,spring
619,19,7,89,no,summer,summer
620,20,7,89,no,summer,summer
621,1,1,22,yes,winter,winter
622,23,8,89,no,summer,summer
623,18,10,89,no,fall,fall
624,6,4,10,no,spring,spring
625,27,5,10,no,spring,spring
626,17,6,22,no,spring,spring
627,25,6,22,yes,summer,summer
628,19,7,96,no,summer,summer
629,8,11,96,no,fall,fall
630,9,11,96,yes,fall,fall
631,5,12,10,yes,winter,winter
632,15,12,10,no,fall,fall
633,22,6,22,no,summer,summer
634,29,4,99,no,spring,spring
635,12,5,99,no,spring,spring
636,8,6,05,no,summer,summer
637,23,7,05,yes,summer,summer
638,25,7,05,no,summer,summer
639,30,9,22,no,fall,fall
640,5,10,22,no,fall,fall
641,24,3,09,no,spring,spring
642,21,5,09,no,spring,spring
643,1,3,09,yes,winter,winter
644,1,7,09,no,summer,summer
645,1,1,23,yes,winter,winter
646,29,4,23,yes,spring,spring
647,9,5,23,no,spring,spring
648,29,10,24,no,fall,fall
649,1,1,24,no,winter,winter
650,7,5,25,no,spring,spring
651,1,1,39,yes,winter,winter
652,1,3,27,no,winter,winter
653,1,9,27,no,summer,summer
654,9,1,27,yes,winter,winter
655,24,8,27,no,summer,summer
656,25,8,27,no,summer,summer
657,1,1,28,yes,winter,winter
658,1,4,28,yes,spring,spring
659,1,1,29,no,winter,winter
660,18,1,29,no,winter,winter
661,20,1,29,yes,winter,winter
662,5,4,29,no,spring,spring
663,9,4,29,no,spring,spring
664,18,11,29,yes,fall,fall
665,1,1,30,no,winter,winter
666,26,6,30,no,summer,summer
667,27,6,30,no,summer,summer
668,8,9,31,no,fall,fall
669,29,9,31,no,fall,fall
670,1,1,31,no,winter,winter
671,1,1,38,no,winter,winter
672,4,5,33,no,spring,spring
673,25,10,33,no,fall,fall
674,20,11,33,yes,fall,fall
675,1,12,33,no,fall,fall
676,1,2,34,no,winter,winter
677,16,4,34,yes,spring,spring
678,24,4,34,no,spring,spring
679,1,6,35,no,spring,spring
680,1,7,35,yes,summer,summer
681,10,1,35,no,winter,winter
682,15,1,35,no,winter,winter
683,1,1,35,no,winter,winter
684,25,8,35,yes,summer,summer
685,10,3,36,no,winter,winter
686,12,3,36,no,winter,winter
687,12,4,36,yes,spring,spring
688,23,4,36,no,spring,spring
689,13,7,36,yes,summer,summer
690,19,7,36,yes,summer,summer
691,5,7,36,yes,summer,summer
692,17,7,36,no,summer,summer
693,16,3,36,yes,winter,winter
694,25,3,36,no,spring,spring
695,15,8,36,no,summer,summer
696,1,9,36,no,summer,summer
697,13,1,37,no,winter,winter
698,14,1,37,no,winter,winter
699,26,4,37,yes,spring,spring
700,28,4,37,no,spring,spring
701,1,9,38,no,summer,summer
702,10,10,38,yes,fall,fall
703,15,10,38,no,fall,fall
704,6,12,38,no,winter,winter
705,2,2,39,no,winter,winter
706,1,1,40,yes,winter,winter
707,14,3,41,no,winter,winter
708,14,5,41,no,spring,spring
709,15,6,41,yes,spring,spring
710,2,8,41,no,summer,summer
711,25,9,41,no,fall,fall
712,1,1,42,no,winter,winter
713,22,9,42,no,fall,fall
714,12,12,42,no,fall,fall
715,27,12,42,yes,winter,winter
716,10,9,43,no,summer,summer
717,19,10,43,no,fall,fall
718,1,1,44,no,winter,winter
719,11,12,44,yes,fall,fall
720,12,12,44,no,fall,fall
721,18,7,45,no,summer,summer
722,17,6,46,yes,spring,spring
723,29,7,46,yes,summer,summer
724,15,9,46,yes,summer,summer
725,30,1,47,no,winter,winter
726,8,2,47,no,winter,winter
727,5,2,47,no,winter,winter
728,5,4,47,no,spring,spring
729,12,4,47,no,spring,spring
730,30,4,47,no,spring,spring
731,1,9,47,yes,summer,summer
732,16,3,48,no,winter,winter
733,21,4,48,no,spring,spring
734,1,11,50,no,fall,fall
735,1,5,48,no,spring,spring
736,31,10,48,yes,fall,fall
737,31,5,48,yes,spring,spring
738,14,9,48,no,summer,summer
739,22,8,49,yes,summer,summer
740,9,9,49,no,fall,fall
741,17,9,49,no,summer,summer
742,1,1,50,yes,winter,winter
743,24,3,50,no,spring,spring
744,29,3,50,no,spring,spring
745,4,4,50,no,spring,spring
746,8,4,50,no,spring,spring
747,20,4,50,no,spring,spring
748,5,5,50,no,spring,spring
749,15,6,50,no,spring,spring
750,1,8,50,no,summer,summer
751,21,11,50,no,fall,fall
752,1,1,51,yes,winter,winter
753,9,2,51,no,winter,winter
754,19,12,51,no,fall,fall
755,14,1,52,yes,winter,winter
756,1,4,52,no,spring,spring
757,1,5,52,no,spring,spring
758,1,1,53,no,winter,winter
759,31,12,53,no,winter,winter
760,21,5,53,no,spring,spring
761,14,7,53,no,summer,summer
762,24,8,53,yes,summer,summer
763,5,9,53,no,fall,fall
764,30,1,54,no,winter,winter
765,15,2,54,yes,winter,winter
766,18,2,54,no,winter,winter
767,7,4,54,no,spring,spring
768,11,9,54,no,summer,summer
769,13,9,54,yes,summer,summer
770,1,1,55,no,winter,winter
771,1,7,55,no,summer,summer
772,31,8,55,no,summer,summer
773,11,7,55,yes,summer,summer
774,12,11,55,no,fall,fall
775,14,10,54,no,fall,fall
776,15,10,54,no,fall,fall
777,3,1,56,no,winter,winter
778,18,1,56,no,winter,winter
779,30,8,56,no,summer,summer
780,31,8,56,no,summer,summer
781,1,11,56,no,fall,fall
782,9,12,56,yes,winter,winter
783,15,10,57,no,fall,fall
784,1,1,57,no,winter,winter
785,31,12,58,no,winter,winter
786,8,3,57,no,spring,spring
787,11,8,57,yes,summer,summer
788,22,11,57,no,fall,fall
789,1,1,58,no,winter,winter
790,1,3,58,no,winter,winter
791,2,3,58,yes,winter,winter
792,7,11,58,no,fall,fall
793,1,1,59,no,winter,winter
794,17,6,58,no,spring,spring
795,23,10,58,no,fall,fall
796,16,2,59,no,winter,winter
797,27,3,59,no,spring,spring
798,20,6,59,yes,spring,spring
799,1,1,60,no,winter,winter
800,30,5,61,no,spring,spring
801,31,8,61,no,summer,summer
802,4,2,60,no,winter,winter
803,18,4,60,no,spring,spring
804,9,5,60,no,spring,spring
805,14,5,60,yes,spring,spring
806,2,7,60,yes,summer,summer
807,7,3,63,no,spring,spring
808,7,9,60,no,fall,fall
809,25,2,61,yes,winter,winter
810,1,1,61,yes,winter,winter
811,25,5,61,no,spring,spring
812,31,5,61,no,spring,spring
813,11,12,62,no,fall,fall
814,10,10,61,no,fall,fall
815,14,10,61,yes,fall,fall
816,1,1,62,no,winter,winter
817,7,10,62,yes,fall,fall
818,8,10,62,no,fall,fall
819,31,3,62,yes,spring,spring
820,4,4,62,no,spring,spring
821,1,1,63,no,winter,winter
822,3,6,63,no,summer,summer
823,26,7,63,no,summer,summer
824,28,7,63,yes,summer,summer
825,12,10,62,no,fall,fall
826,3,5,63,no,spring,spring
827,29,11,63,no,fall,fall
828,11,12,63,no,fall,fall
829,13,9,64,yes,summer,summer
830,16,9,64,no,summer,summer
831,1,1,64,no,winter,winter
832,1,12,64,no,fall,fall
833,2,12,64,no,fall,fall
834,28,3,64,yes,spring,spring
835,15,12,64,no,fall,fall
836,1,1,65,no,winter,winter
837,2,1,65,yes,winter,winter
838,9,1,65,yes,winter,winter
839,14,1,65,no,winter,winter
840,18,2,65,no,winter,winter
841,1,3,65,no,winter,winter
842,8,7,65,no,summer,summer
843,1,1,66,yes,winter,winter
844,4,3,66,no,spring,spring
845,14,4,66,no,spring,spring
846,3,11,66,no,fall,fall
847,1,1,67,yes,winter,winter
848,17,4,67,no,spring,spring
849,20,4,67,no,spring,spring
850,11,10,67,no,fall,fall
851,12,10,67,no,fall,fall
852,1,1,68,no,winter,winter
853,5,6,68,no,summer,summer
854,19,8,68,no,summer,summer
855,13,1,68,yes,winter,winter
856,2,2,68,no,winter,winter
857,21,10,68,no,fall,fall
858,1,1,69,no,winter,winter
859,2,2,69,yes,winter,winter
860,9,2,69,yes,winter,winter
861,2,5,69,no,spring,spring
862,11,5,69,yes,spring,spring
863,19,5,69,no,spring,spring
864,21,5,69,no,spring,spring
865,4,8,69,no,summer,summer
866,2,12,69,no,fall,fall
867,28,12,69,yes,winter,winter
868,2,2,70,no,winter,winter
869,6,2,70,no,winter,winter
870,27,2,70,no,winter,winter
871,22,4,70,no,spring,spring
872,5,5,70,no,spring,spring
873,30,4,70,no,spring,spring
874,27,6,70,yes,summer,summer
875,28,6,70,yes,summer,summer
876,5,7,70,yes,summer,summer
877,20,8,70,no,summer,summer
878,5,10,70,no,fall,fall
879,1,1,71,no,winter,winter
880,13,2,71,yes,winter,winter
881,15,2,71,no,winter,winter
882,4,3,71,no,spring,spring
883,1,4,71,no,spring,spring
884,30,4,71,no,spring,spring
885,1,5,71,yes,spring,spring
886,4,5,71,no,spring,spring
887,14,5,71,no,spring,spring
888,23,7,71,no,summer,summer
889,15,8,71,yes,summer,summer
890,16,8,71,no,summer,summer
891,1,1,72,yes,winter,winter
892,24,9,86,no,fall,fall
893,27,8,71,no,summer,summer
894,19,2,72,yes,winter,winter
895,1,4,72,yes,spring,spring
896,1,6,72,no,spring,spring
897,1,1,73,no,winter,winter
898,1,3,73,no,winter,winter
899,30,4,73,no,spring,spring
900,1,5,72,no,spring,spring
901,15,5,72,no,spring,spring
902,11,6,72,yes,spring,spring
903,13,6,72,no,spring,spring
904,1,9,72,no,summer,summer
905,18,3,73,yes,winter,winter
906,1,8,73,no,summer,summer
907,27,8,73,no,summer,summer
908,27,4,73,no,spring,spring
909,5,5,73,yes,spring,spring
910,17,6,73,yes,spring,spring
911,1,1,74,no,winter,winter
912,15,5,74,no,spring,spring
913,31,7,74,no,summer,summer
914,30,6,74,yes,summer,summer
915,1,3,74,no,winter,winter
916,1,4,74,no,spring,spring
917,31,5,74,no,spring,spring
918,3,4,74,no,spring,spring
919,29,4,74,no,spring,spring
920,2,5,74,no,spring,spring
921,17,5,74,no,spring,spring
922,21,5,74,no,spring,spring
923,3,7,74,no,summer,summer
924,30,10,74,no,fall,fall
925,1,1,75,no,winter,winter
926,1,3,75,yes,winter,winter
927,1,4,75,no,spring,spring
928,31,5,75,yes,spring,spring
929,1,6,75,yes,spring,spring
930,25,6,75,no,summer,summer
931,22,7,75,no,summer,summer
932,25,7,75,no,summer,summer
933,28,7,75,no,summer,summer
934,10,11,75,no,fall,fall
935,2,1,76,no,winter,winter
936,1,2,76,yes,winter,winter
937,4,5,76,no,spring,spring
938,2,2,76,no,winter,winter
939,3,2,76,no,winter,winter
940,1,1,77,yes,winter,winter
941,28,1,77,no,winter,winter
942,31,1,77,no,winter,winter
943,1,3,76,no,winter,winter
944,15,4,76,no,spring,spring
945,15,7,76,no,summer,summer
946,27,12,77,no,winter,winter
947,31,3,76,no,spring,spring
948,5,4,76,no,spring,spring
949,1,4,76,no,spring,spring
950,1,2,78,no,winter,winter
951,11,2,78,yes,winter,winter
952,12,7,76,no,summer,summer
953,10,8,76,no,summer,summer
954,11,8,76,no,summer,summer
955,26,12,76,yes,winter,winter
956,27,8,76,no,summer,summer
957,13,3,77,yes,winter,winter
958,12,4,78,no,spring,spring
959,25,5,78,no,spring,spring
960,4,8,78,no,summer,summer
961,1,1,78,yes,winter,winter
962,1,4,78,yes,spring,spring
963,31,8,78,no,summer,summer
964,14,1,78,yes,winter,winter
965,16,1,78,no,winter,winter
966,24,1,78,no,winter,winter
967,26,1,78,no,winter,winter
968,10,7,78,no,summer,summer
969,11,7,78,no,summer,summer
970,5,9,78,no,fall,fall
971,1,1,79,no,winter,winter
972,8,2,79,no,winter,winter
973,20,2,79,no,winter,winter
974,14,2,79,no,winter,winter
975,24,2,79,yes,winter,winter
976,29,3,79,no,spring,spring
977,21,2,79,no,winter,winter
978,5,3,79,no,spring,spring
979,3,5,79,no,spring,spring
980,1,4,79,yes,spring,spring
981,31,5,79,no,spring,spring
982,1,1,80,no,winter,winter
983,12,5,79,yes,spring,spring
984,5,6,79,no,summer,summer
985,7,8,79,no,summer,summer
986,6,9,79,no,fall,fall
987,7,9,79,no,fall,fall
988,13,9,79,no,summer,summer
989,10,11,79,yes,fall,fall
990,16,11,79,no,fall,fall
991,20,5,80,no,spring,spring
992,28,5,80,no,spring,spring
993,18,12,79,no,fall,fall
994,1,6,80,yes,spring,spring
995,6,7,80,yes,summer,summer
996,7,7,80,no,summer,summer
997,14,7,80,no,summer,summer
998,4,12,80,no,winter,winter
999,21,3,80,no,spring,spring
1000,22,3,80,yes,spring,spring
1001,26,12,80,no,winter,winter
1002,27,12,80,yes,winter,winter
1003,1,1,81,no,winter,winter
1004,18,2,81,no,winter,winter
1005,20,2,81,no,winter,winter
1006,23,2,81,no,winter,winter
1007,29,4,81,no,spring,spring
1008,3,7,81,no,summer,summer
1009,28,7,81,no,summer,summer
1010,1,8,81,yes,summer,summer
1011,28,10,81,no,fall,fall
1012,1,1,82,no,winter,winter
1013,30,10,81,no,fall,fall
1014,31,10,81,yes,fall,fall
1015,1,6,82,no,spring,spring
1016,6,6,82,yes,summer,summer
1017,19,1,82,no,winter,winter
1018,1,2,82,no,winter,winter
1019,5,1,82,no,winter,winter
1020,14,2,82,yes,winter,winter
1021,22,2,82,no,winter,winter
1022,28,2,82,yes,winter,winter
1023,17,4,82,yes,spring,spring
1024,31,5,82,no,spring,spring
1025,14,6,82,no,spring,spring
1026,14,10,82,no,fall,fall
1027,1,1,83,yes,winter,winter
1028,13,7,82,no,summer,summer
1029,3,8,82,no,summer,summer
1030,10,1,83,no,winter,winter
1031,6,3,83,yes,spring,spring
1032,19,3,83,yes,winter,winter
1033,20,3,83,yes,spring,spring
1034,3,5,83,no,spring,spring
1035,1,7,83,no,summer,summer
1036,14,7,83,no,summer,summer
1037,31,8,83,no,summer,summer
1038,11,1,83,no,winter,winter
1039,19,1,83,no,winter,winter
1040,2,6,83,no,spring,spring
1041,24,6,83,no,summer,summer
1042,28,2,83,no,winter,winter
1043,10,3,83,no,winter,winter
1044,10,5,83,no,spring,spring
1045,8,7,83,no,summer,summer
1046,9,7,83,yes,summer,summer
1047,3,8,83,no,summer,summer
1048,25,10,83,no,fall,fall
1049,7,12,83,no,winter,winter
1050,22,12,83,no,winter,winter
1051,25,12,83,yes,winter,winter
1052,1,6,84,no,spring,spring
1053,31,8,84,no,summer,summer
1054,1,1,84,yes,winter,winter
1055,5,2,84,yes,winter,winter
1056,8,2,84,no,winter,winter
1057,4,1,84,no,winter,winter
1058,5,1,84,no,winter,winter
1059,13,2,84,no,winter,winter
1060,17,2,84,no,winter,winter
1061,25,4,84,no,spring,spring
1062,6,5,84,yes,spring,spring
1063,27,4,84,no,spring,spring
1064,28,4,84,yes,spring,spring
1065,15,6,84,no,spring,spring
1066,31,7,84,no,summer,summer
1067,13,4,84,no,spring,spring
1068,15,4,84,yes,spring,spring
1069,30,4,84,no,spring,spring
1070,8,5,84,no,spring,spring
1071,3,5,85,no,spring,spring
1072,15,7,84,yes,summer,summer
1073,2,9,84,yes,summer,summer
1074,3,9,84,no,fall,fall
1075,6,10,84,yes,fall,fall
1076,1,1,85,no,winter,winter
1077,8,10,84,no,fall,fall
1078,11,10,84,no,fall,fall
1079,12,10,84,no,fall,fall
1080,23,2,85,yes,winter,winter
1081,2,3,85,yes,winter,winter
1082,30,5,85,no,spring,spring
1083,1,5,85,no,spring,spring
1084,31,8,85,yes,summer,summer
1085,23,6,85,yes,summer,summer
1086,21,1,86,no,winter,winter
1087,8,2,86,yes,winter,winter
1088,31,3,85,yes,spring,spring
1089,6,4,85,yes,spring,spring
1090,31,5,85,no,spring,spring
1091,31,3,86,no,spring,spring
1092,24,12,86,no,winter,winter
1093,1,7,85,no,summer,summer
1094,2,12,85,no,fall,fall
1095,12,12,85,no,fall,fall
1096,1,8,86,no,summer,summer
1097,1,1,86,no,winter,winter
1098,12,11,92,no,fall,fall
1099,13,11,92,no,fall,fall
1100,30,3,86,yes,spring,spring
1101,13,5,87,no,spring,spring
1102,17,11,87,no,fall,fall
1103,23,3,87,no,spring,spring
1104,27,7,09,no,summer,summer
1105,19,4,11,no,spring,spring
1106,17,6,11,no,spring,spring
1107,15,2,11,no,winter,winter
1108,25,2,11,no,winter,winter
1109,15,5,11,yes,spring,spring
1110,22,5,11,yes,spring,spring
1111,15,6,11,no,spring,spring
1112,16,6,11,no,spring,spring
1113,17,4,11,yes,spring,spring
1114,22,6,11,no,summer,summer
1115,12,6,11,yes,spring,spring
1116,14,6,11,no,spring,spring
1117,2,6,11,no,spring,spring
1118,9,7,11,yes,summer,summer
1119,9,6,11,no,summer,summer
1120,10,5,11,no,spring,spring
1121,28,5,11,yes,spring,spring
1122,28,6,11,no,summer,summer
1123,29,5,11,yes,spring,spring
1124,31,5,11,no,spring,spring
1125,7,11,10,yes,fall,fall
1126,4,9,10,yes,fall,fall
1127,2,2,03,yes,winter,winter
1128,13,12,08,yes,fall,fall
1129,21,6,11,no,summer,summer
1130,27,6,11,no,summer,summer
1131,6,7,11,no,summer,summer
1132,25,7,11,no,summer,summer
1133,12,7,11,no,summer,summer
1134,14,7,11,no,summer,summer
1135,20,8,11,yes,summer,summer
1136,21,8,11,yes,summer,summer
1137,22,8,11,no,summer,summer
1138,24,9,10,no,fall,fall
1139,25,9,10,yes,fall,fall
1140,20,11,09,no,fall,fall
1141,28,8,11,yes,summer,summer
1142,30,8,11,no,summer,summer
1143,23,3,12,no,spring,spring
1144,25,3,12,yes,spring,spring
1145,24,3,12,yes,spring,spring
1146,1,4,12,yes,spring,spring
1147,19,8,05,no,summer,summer
1148,11,7,12,no,summer,summer
1149,20,7,12,no,summer,summer
1150,13,3,89,no,winter,winter
1151,11,3,11,no,winter,winter
1152,23,6,12,yes,summer,summer
1153,25,6,12,no,summer,summer
1154,2,10,12,no,fall,fall
1155,3,10,12,no,fall,fall
1156,9,9,12,yes,fall,fall
1157,12,9,12,no,summer,summer
1158,20,5,12,yes,spring,spring
1159,29,5,12,no,spring,spring
1160,28,5,12,no,spring,spring
1161,31,7,12,no,summer,summer
1162,10,10,12,no,fall,fall
1163,8,7,13,no,summer,summer
1164,6,7,13,yes,summer,summer
1165,6,6,12,no,summer,summer
1166,27,5,13,no,spring,spring
1167,31,5,13,no,spring,spring
1168,19,6,13,no,spring,spring
1169,28,6,13,no,summer,summer
1170,24,5,12,no,spring,spring
1171,7,6,12,no,summer,summer
1172,12,7,10,no,summer,summer
1173,19,10,13,yes,fall,fall
1174,22,10,13,no,fall,fall
1175,24,6,12,yes,summer,summer
1176,23,7,12,no,summer,summer
1177,1,8,12,no,summer,summer
1178,10,9,12,no,summer,summer
1179,11,9,12,no,summer,summer
1180,6,8,12,no,summer,summer
1181,1,7,14,no,summer,summer
1182,30,9,14,no,fall,fall
1183,1,6,14,yes,spring,spring
1184,18,9,14,no,summer,summer
1185,21,6,13,no,summer,summer
1186,26,2,12,yes,winter,winter
1187,27,2,12,no,winter,winter
1188,4,8,14,no,summer,summer
1189,12,8,14,no,summer,summer
1190,22,10,14,no,fall,fall
1191,23,1,14,no,winter,winter
1192,1,2,14,yes,winter,winter
1193,15,4,14,no,spring,spring
1194,2,5,14,no,spring,spring
1195,20,10,14,no,fall,fall
1196,21,10,14,no,fall,fall
1197,21,12,13,yes,winter,winter
1198,26,12,13,no,winter,winter
1199,29,4,13,no,spring,spring
1200,5,7,14,yes,summer,summer
1201,6,7,14,yes,summer,summer
1202,20,12,13,no,fall,fall
1203,3,1,14,no,winter,winter
1204,14,4,14,no,spring,spring
1205,1,5,14,no,spring,spring
1206,25,6,14,no,summer,summer
1207,14,7,14,no,summer,summer
1208,15,6,14,yes,spring,spring
1209,1,7,15,no,summer,summer
1210,18,7,15,yes,summer,summer
1211,2,8,15,yes,summer,summer
1212,3,8,15,no,summer,summer
1213,17,4,15,no,spring,spring
1214,11,5,15,no,spring,spring
1215,7,3,15,yes,spring,spring
1216,9,3,15,no,spring,spring
1217,22,6,15,no,summer,summer
1218,23,6,15,no,summer,summer
1219,28,3,15,yes,spring,spring
1220,25,4,15,yes,spring,spring
1221,12,5,15,no,spring,spring
1222,15,2,15,yes,winter,winter
1223,17,2,15,no,winter,winter
1224,28,5,15,no,spring,spring
1225,29,5,15,no,spring,spring
1226,18,4,15,yes,spring,spring
1227,20,4,15,no,spring,spring
1228,16,2,15,no,winter,winter
1229,18,2,15,no,winter,winter
1230,9,5,15,yes,spring,spring
1231,11,9,15,no,summer,summer
1232,29,8,15,yes,summer,summer
1233,8,4,15,no,spring,spring
1234,12,6,15,no,spring,spring
1235,22,7,15,no,summer,summer
1236,4,8,15,no,summer,summer
1237,5,8,15,no,summer,summer
1238,29,6,15,no,summer,summer
1239,12,7,15,yes,summer,summer
1240,29,9,16,no,fall,fall
1241,27,11,16,yes,fall,fall
1242,29,11,16,no,fall,fall
1243,25,12,16,yes,winter,winter
1244,26,10,16,no,fall,fall
1245,21,12,16,no,winter,winter
1246,21,7,16,no,summer,summer
1247,14,11,16,no,fall,fall
1248,18,11,16,no,fall,fall
1249,24,2,16,no,winter,winter
1250,26,2,16,no,winter,winter
1251,23,3,16,no,spring,spring
1252,26,3,16,yes,spring,spring
1253,8,7,16,no,summer,summer
1254,29,3,16,no,spring,spring
1255,28,3,16,no,spring,spring
1256,27,6,16,no,summer,summer
1257,28,6,16,no,summer,summer
1258,27,4,16,no,spring,spring
1259,30,4,16,yes,spring,spring
1260,9,10,16,yes,fall,fall
1261,13,10,16,no,fall,fall
1262,5,4,16,no,spring,spring
1263,23,6,16,no,summer,summer
1264,20,7,16,no,summer,summer
1265,4,8,16,no,summer,summer
1266,21,8,16,yes,summer,summer
1267,25,8,16,no,summer,summer
1268,3,7,16,yes,summer,summer
1269,6,7,16,no,summer,summer
1270,12,10,16,no,fall,fall
1271,16,10,16,yes,fall,fall
1272,6,10,16,no,fall,fall
1273,8,10,16,yes,fall,fall
1274,9,3,16,no,spring,spring
1275,10,3,16,no,winter,winter
1276,15,6,16,no,spring,spring
1277,17,6,16,no,spring,spring
1278,24,6,16,no,summer,summer
1279,25,6,16,yes,summer,summer
1280,18,7,16,no,summer,summer
1281,11,7,16,no,summer,summer
1282,30,6,16,no,summer,summer
1283,15,7,16,no,summer,summer
1284,16,7,16,yes,summer,summer
1285,18,4,16,no,spring,spring
1286,21,4,16,no,spring,spring
1287,30,7,16,yes,summer,summer
1288,31,7,16,yes,summer,summer
1289,1,6,16,no,spring,spring
