data_key,month,day,year,weekend,season_canada
1,4,26,00,no,spring
2,1,1,01,no,winter
3,1,1,01,no,winter
4,1,1,02,no,winter
5,3,1,02,no,winter
6,5,22,02,no,spring
7,1,1,03,no,winter
8,4,29,03,no,spring
9,1,1,04,no,winter
10,9,1,92,no,summer
11,7,17,95,yes,summer
12,2,28,03,no,winter
13,4,19,04,no,spring
14,4,24,04,yes,spring
15,2,17,05,no,winter
16,8,13,05,yes,summer
17,1,1,06,yes,winter
18,8,29,07,no,summer
19,4,26,08,yes,spring
20,8,3,08,yes,summer
21,1,4,09,yes,winter
22,11,28,09,yes,fall
23,1,1,10,no,winter
24,1,21,10,no,winter
25,3,5,10,no,spring
26,4,15,10,no,spring
27,4,18,10,yes,spring
28,7,11,11,no,summer
29,6,30,12,yes,summer
30,7,10,12,no,summer
31,11,13,13,no,fall
32,1,1,14,no,winter
33,1,1,14,no,winter
34,4,1,14,no,spring
35,5,28,14,no,spring
36,6,19,14,no,spring
37,1,1,15,no,winter
38,1,1,15,no,winter
39,2,1,15,yes,winter
40,3,22,15,yes,spring
41,7,9,15,no,summer
42,2,3,16,no,winter
43,4,24,16,yes,spring
44,7,29,16,no,summer
45,9,11,16,yes,summer
46,1,1,17,yes,winter
47,1,1,17,yes,winter
48,7,25,17,no,summer
49,11,19,17,yes,fall
50,12,6,17,no,winter
51,1,1,25,no,winter
52,12,31,18,no,winter
53,1,23,18,no,winter
54,10,12,18,no,fall
55,10,23,18,no,fall
56,12,31,19,no,winter
57,12,31,20,no,winter
58,3,21,20,yes,spring
59,7,22,20,no,summer
60,6,30,86,yes,summer
61,4,4,86,no,spring
62,5,29,86,no,spring
63,5,30,86,no,spring
64,6,2,86,yes,spring
65,5,15,86,no,spring
66,5,16,86,no,spring
67,5,16,86,no,spring
68,4,4,87,no,spring
69,7,24,86,no,summer
70,10,26,86,yes,fall
71,11,7,86,no,fall
72,5,29,87,no,spring
73,7,6,87,yes,summer
74,7,14,87,no,summer
75,10,1,87,no,fall
76,1,1,88,no,winter
77,7,31,87,no,summer
78,1,1,88,no,winter
79,1,1,88,no,winter
80,3,7,88,yes,spring
81,4,1,88,no,spring
82,5,8,88,yes,spring
83,5,10,88,no,spring
84,5,24,88,no,spring
85,6,11,88,no,spring
86,6,20,88,yes,spring
87,6,29,88,no,summer
88,6,29,88,no,summer
89,7,11,88,yes,summer
90,12,17,88,no,fall
91,7,8,88,no,summer
92,8,16,88,no,summer
93,11,25,88,no,fall
94,8,23,88,no,summer
95,1,1,89,yes,winter
96,1,1,89,yes,winter
97,1,1,89,yes,winter
98,1,1,89,yes,winter
99,1,1,89,yes,winter
100,1,30,89,yes,winter
101,3,10,89,no,winter
102,7,1,89,no,summer
103,5,9,89,no,spring
104,9,20,89,no,summer
105,7,22,89,no,summer
106,9,10,89,yes,summer
107,9,12,89,no,summer
108,9,29,89,no,fall
109,10,2,89,yes,fall
110,11,12,89,yes,fall
111,12,7,89,no,winter
112,12,12,89,no,fall
113,12,25,89,yes,winter
114,12,9,90,yes,winter
115,1,1,90,yes,winter
116,7,9,90,yes,summer
117,7,20,90,no,summer
118,7,23,90,yes,summer
119,5,30,10,yes,spring
120,1,17,90,no,winter
121,2,11,90,yes,winter
122,2,28,90,no,winter
123,2,23,90,no,winter
124,3,19,90,yes,winter
125,4,23,90,yes,spring
126,3,27,91,no,spring
127,5,19,90,no,spring
128,7,4,90,no,summer
129,8,1,90,no,summer
130,8,1,90,no,summer
131,8,29,90,no,summer
132,6,12,90,no,spring
133,9,26,90,no,fall
134,11,13,90,no,fall
135,12,16,90,yes,fall
136,6,17,10,no,spring
137,1,1,91,no,winter
138,1,11,91,no,winter
139,3,12,91,no,winter
140,4,1,91,yes,spring
141,4,8,91,yes,spring
142,5,1,91,no,spring
143,5,9,91,no,spring
144,6,29,91,no,summer
145,7,3,91,no,summer
146,7,10,91,no,summer
147,7,11,91,no,summer
148,7,22,91,yes,summer
149,7,22,91,yes,summer
150,8,5,91,yes,summer
151,8,19,91,yes,summer
152,8,27,91,no,summer
153,9,1,91,yes,summer
154,9,7,91,no,fall
155,9,26,91,no,fall
156,10,1,91,no,fall
157,10,8,91,no,fall
158,10,16,91,no,fall
159,11,3,91,yes,fall
160,10,14,91,yes,fall
161,11,20,91,no,fall
162,11,30,91,no,fall
163,12,6,91,no,winter
164,1,1,92,no,winter
165,1,1,92,no,winter
166,1,21,92,no,winter
167,2,4,92,no,winter
168,2,16,92,yes,winter
169,8,28,92,no,summer
170,8,28,92,no,summer
171,1,31,92,no,winter
172,3,4,92,no,spring
173,3,12,92,no,winter
174,3,13,92,no,winter
175,3,19,92,no,winter
176,3,26,92,no,spring
177,4,25,92,no,spring
178,5,9,92,no,spring
179,5,18,92,yes,spring
180,5,25,92,yes,spring
181,1,1,92,no,winter
182,7,31,92,no,summer
183,7,31,92,no,summer
184,12,18,92,no,fall
185,7,30,92,no,summer
186,9,18,92,no,summer
187,10,6,92,no,fall
188,12,21,92,yes,winter
189,1,1,93,no,winter
190,1,1,93,no,winter
191,3,15,93,yes,winter
192,4,12,93,yes,spring
193,4,27,93,no,spring
194,7,29,93,no,summer
195,7,30,93,no,summer
196,7,29,93,no,summer
197,7,4,93,yes,summer
198,7,14,93,no,summer
199,8,14,93,no,summer
200,10,17,93,yes,fall
201,3,1,94,no,winter
202,11,26,93,no,fall
203,2,6,94,yes,winter
204,1,5,94,no,winter
205,1,17,94,yes,winter
206,1,28,94,no,winter
207,4,26,94,no,spring
208,5,18,94,no,spring
209,5,22,94,yes,spring
210,6,18,94,no,spring
211,7,24,94,yes,summer
212,1,1,95,yes,winter
213,7,4,95,no,summer
214,5,25,94,no,spring
215,8,1,94,yes,summer
216,8,4,94,no,summer
217,8,4,94,no,summer
218,8,27,94,no,summer
219,8,28,94,yes,summer
220,10,17,94,yes,fall
221,10,21,94,no,fall
222,12,12,94,yes,fall
223,1,1,95,yes,winter
224,1,21,95,no,winter
225,3,10,95,no,winter
226,5,29,95,yes,spring
227,4,1,95,no,spring
228,6,9,95,no,summer
229,6,15,95,no,spring
230,7,10,95,yes,summer
231,7,15,95,no,summer
232,7,30,95,yes,summer
233,8,11,95,no,summer
234,9,11,95,yes,summer
235,9,26,95,no,fall
236,10,6,95,no,fall
237,11,16,95,no,fall
238,12,11,95,yes,fall
239,11,29,95,no,fall
240,1,1,96,yes,winter
241,1,1,96,yes,winter
242,1,1,96,yes,winter
243,2,19,96,yes,winter
244,4,20,96,no,spring
245,5,19,96,yes,spring
246,7,6,96,no,summer
247,7,16,96,no,summer
248,5,8,96,no,spring
249,6,21,96,no,summer
250,7,18,96,no,summer
251,7,25,96,no,summer
252,8,8,96,no,summer
253,11,29,96,no,fall
254,12,29,96,yes,winter
255,1,1,97,no,winter
256,1,1,97,no,winter
257,1,9,97,no,winter
258,3,24,97,yes,spring
259,4,3,97,no,spring
260,10,29,06,yes,fall
261,4,23,97,no,spring
262,5,14,97,no,spring
263,5,1,97,no,spring
264,5,29,97,no,spring
265,6,10,97,no,spring
266,5,13,07,yes,spring
267,6,12,97,no,spring
268,6,20,97,no,spring
269,7,10,97,no,summer
270,7,11,97,no,summer
271,10,13,97,yes,fall
272,1,1,98,no,winter
273,1,10,98,no,winter
274,1,16,98,no,winter
275,3,10,98,no,winter
276,1,1,99,no,winter
277,1,3,99,yes,winter
278,8,4,08,no,summer
279,4,15,98,no,spring
280,5,21,98,no,spring
281,6,18,98,no,spring
282,7,31,98,no,summer
283,7,10,98,no,summer
284,7,5,98,yes,summer
285,7,31,98,no,summer
286,8,1,98,no,summer
287,8,17,98,yes,summer
288,12,29,98,no,winter
289,9,2,98,no,summer
290,11,25,98,no,fall
291,2,13,99,no,winter
292,2,21,99,yes,winter
293,1,15,99,no,winter
294,1,25,99,yes,winter
295,1,29,99,no,winter
296,2,11,99,no,winter
297,7,30,99,no,summer
298,3,5,99,no,spring
299,4,1,99,no,spring
300,6,30,99,no,summer
301,4,23,99,no,spring
302,5,31,99,yes,spring
303,5,4,99,no,spring
304,6,22,99,no,summer
305,6,25,99,no,summer
306,6,19,99,no,spring
307,6,21,99,yes,summer
308,7,1,99,no,summer
309,7,5,99,yes,summer
310,7,6,99,no,summer
311,7,16,99,no,summer
312,8,9,99,yes,summer
313,9,3,99,no,fall
314,9,7,99,no,fall
315,9,7,99,no,fall
316,9,23,99,no,fall
317,9,24,99,no,fall
318,10,1,99,no,fall
319,12,7,99,no,winter
320,12,30,99,no,winter
321,1,22,00,yes,winter
322,4,14,00,no,spring
323,4,21,00,no,spring
324,7,14,00,no,summer
325,8,1,00,no,summer
326,7,14,00,no,summer
327,7,3,00,no,summer
328,7,14,00,no,summer
329,10,29,00,yes,fall
330,11,11,00,yes,fall
331,11,27,00,no,fall
332,2,10,01,yes,winter
333,4,1,01,yes,spring
334,6,1,01,no,spring
335,7,31,01,no,summer
336,7,1,01,yes,summer
337,9,11,01,no,summer
338,9,19,01,no,summer
339,4,14,02,yes,spring
340,5,20,02,no,spring
341,5,14,02,no,spring
342,6,7,02,no,summer
343,5,22,02,no,spring
344,5,30,02,no,spring
345,5,1,02,no,spring
346,6,9,02,yes,summer
347,6,11,02,no,spring
348,6,11,02,no,spring
349,6,21,02,no,summer
350,6,23,02,yes,summer
351,6,24,02,no,summer
352,6,30,02,yes,summer
353,7,1,02,no,summer
354,7,2,02,no,summer
355,7,3,02,no,summer
356,7,30,02,no,summer
357,7,1,02,no,summer
358,8,12,02,no,summer
359,11,16,02,yes,fall
360,1,21,03,no,winter
361,2,21,03,no,winter
362,2,15,03,yes,winter
363,3,31,03,no,spring
364,3,31,03,no,spring
365,3,31,03,no,spring
366,10,31,03,no,fall
367,5,19,03,no,spring
368,8,31,03,yes,summer
369,7,21,03,no,summer
370,8,4,03,no,summer
371,8,14,03,no,summer
372,9,29,03,no,fall
373,10,23,03,no,fall
374,2,20,04,no,winter
375,3,26,04,no,spring
376,5,19,04,no,spring
377,7,8,04,no,summer
378,7,11,04,yes,summer
379,7,21,04,no,summer
380,8,10,04,no,summer
381,8,14,04,yes,summer
382,12,26,04,yes,winter
383,12,27,04,no,winter
384,1,31,05,no,winter
385,3,31,05,no,spring
386,4,23,05,yes,spring
387,5,15,05,yes,spring
388,5,14,05,yes,spring
389,5,27,05,no,spring
390,5,29,05,yes,spring
391,6,2,05,no,spring
392,6,6,05,no,summer
393,6,23,05,no,summer
394,8,28,05,yes,summer
395,8,31,05,no,summer
396,9,27,05,no,fall
397,9,28,05,no,fall
398,9,24,05,yes,fall
399,10,26,05,no,fall
400,12,13,05,no,fall
401,2,4,06,yes,winter
402,4,13,06,no,spring
403,4,23,06,yes,spring
404,5,20,06,yes,spring
405,6,18,06,yes,spring
406,5,27,06,yes,spring
407,7,5,06,no,summer
408,7,7,06,no,summer
409,7,6,06,no,summer
410,7,24,06,no,summer
411,8,15,06,no,summer
412,8,15,06,no,summer
413,8,19,06,yes,summer
414,10,28,06,yes,fall
415,12,2,06,yes,fall
416,12,20,06,no,fall
417,12,11,06,no,fall
418,3,12,07,no,winter
419,4,13,07,no,spring
420,4,19,07,no,spring
421,4,23,07,no,spring
422,4,28,07,yes,spring
423,5,10,07,no,spring
424,5,25,07,no,spring
425,5,25,07,no,spring
426,5,27,07,yes,spring
427,6,3,07,yes,summer
428,6,5,07,no,summer
429,6,17,07,yes,spring
430,7,5,07,no,summer
431,7,21,07,yes,summer
432,6,22,07,no,summer
433,7,26,07,no,summer
434,8,1,07,no,summer
435,8,7,07,no,summer
436,8,9,07,no,summer
437,11,12,07,no,fall
438,12,17,07,no,fall
439,12,10,07,no,fall
440,1,28,08,no,winter
441,2,14,08,no,winter
442,2,18,08,no,winter
443,3,21,08,no,spring
444,4,14,08,no,spring
445,4,14,08,no,spring
446,4,17,08,no,spring
447,4,25,08,no,spring
448,5,2,08,no,spring
449,5,30,08,no,spring
450,5,9,08,no,spring
451,5,19,08,no,spring
452,6,10,08,no,spring
453,5,28,08,no,spring
454,5,24,08,yes,spring
455,5,31,08,yes,spring
456,6,13,08,no,spring
457,6,13,08,no,spring
458,6,29,08,yes,summer
459,6,30,08,no,summer
460,7,11,08,no,summer
461,7,6,08,yes,summer
462,7,1,08,no,summer
463,7,20,08,yes,summer
464,4,15,07,yes,spring
465,7,22,08,no,summer
466,7,22,08,no,summer
467,8,10,08,yes,summer
468,8,15,08,no,summer
469,9,7,08,yes,fall
470,9,15,08,no,summer
471,5,7,79,yes,spring
472,4,1,95,no,spring
473,6,8,99,no,summer
474,6,1,95,no,spring
475,3,31,03,no,spring
476,4,17,06,no,spring
477,11,3,07,yes,fall
478,8,1,07,no,summer
479,6,22,07,no,summer
480,6,9,08,no,summer
481,9,7,08,yes,fall
482,5,7,08,no,spring
483,8,31,08,yes,summer
484,7,30,08,no,summer
485,5,17,08,yes,spring
486,1,8,09,no,winter
487,11,28,03,no,fall
488,8,31,03,yes,summer
489,8,1,08,no,summer
490,1,21,00,no,winter
491,2,1,10,no,winter
492,4,14,10,no,spring
493,6,5,07,no,summer
494,5,1,09,no,spring
495,5,23,10,yes,spring
496,8,31,09,no,summer
497,4,25,09,yes,spring
498,9,23,93,no,fall
499,9,26,05,no,fall
500,8,20,09,no,summer
501,8,3,09,no,summer
502,7,4,09,yes,summer
503,7,26,09,yes,summer
504,5,14,09,no,spring
505,5,4,09,no,spring
506,6,23,10,no,summer
507,8,4,09,no,summer
508,8,14,09,no,summer
509,7,6,10,no,summer
510,8,23,09,yes,summer
511,10,28,09,no,fall
512,8,1,07,no,summer
513,11,4,07,yes,fall
514,12,4,07,no,winter
515,9,28,08,yes,fall
516,8,22,10,yes,summer
517,7,18,09,yes,summer
518,11,10,10,no,fall
519,5,25,08,yes,spring
520,1,3,10,yes,winter
521,7,2,10,no,summer
522,12,14,10,no,fall
523,12,13,10,no,fall
524,6,23,10,no,summer
525,10,1,02,no,fall
526,6,6,10,yes,summer
527,7,22,10,no,summer
528,9,21,10,no,summer
529,9,8,10,no,fall
530,1,12,10,no,winter
531,1,1,21,no,winter
532,7,15,74,yes,summer
533,11,7,78,no,fall
534,1,8,09,no,winter
535,1,9,08,no,winter
536,1,1,21,no,winter
537,11,1,78,no,fall
538,5,16,86,no,spring
539,2,8,21,no,winter
540,7,24,86,no,summer
541,4,5,87,yes,spring
542,5,12,10,no,spring
543,10,28,21,no,fall
544,4,2,87,no,spring
545,7,20,89,no,summer
546,1,1,22,yes,winter
547,10,18,89,no,fall
548,6,9,95,no,summer
549,4,6,10,no,spring
550,5,27,10,no,spring
551,6,25,22,yes,summer
552,7,19,96,no,summer
553,11,9,96,no,fall
554,12,15,10,no,fall
555,6,22,22,no,summer
556,5,12,99,no,spring
557,6,8,05,no,summer
558,7,25,05,no,summer
559,10,5,22,no,fall
560,5,21,09,no,spring
561,7,1,09,no,summer
562,9,30,22,no,fall
563,1,1,23,yes,winter
564,1,1,23,yes,winter
565,5,9,23,no,spring
566,10,29,24,no,fall
567,1,1,24,no,winter
568,5,7,25,no,spring
569,1,1,39,yes,winter
570,9,1,27,no,summer
571,1,9,27,yes,winter
572,8,25,27,no,summer
573,1,1,28,yes,winter
574,4,1,28,yes,spring
575,1,1,29,no,winter
576,1,20,29,yes,winter
577,4,9,29,no,spring
578,11,18,29,yes,fall
579,1,1,30,no,winter
580,1,1,30,no,winter
581,6,26,30,no,summer
582,6,26,30,no,summer
583,6,27,30,no,summer
584,9,29,31,no,fall
585,1,1,38,no,winter
586,5,4,33,no,spring
587,10,25,33,no,fall
588,11,20,33,yes,fall
589,2,1,34,no,winter
590,4,24,34,no,spring
591,7,1,35,yes,summer
592,1,15,35,no,winter
593,1,1,35,no,winter
594,8,25,35,yes,summer
595,3,12,36,no,winter
596,4,23,36,no,spring
597,7,19,36,yes,summer
598,7,17,36,no,summer
599,3,25,36,no,spring
600,8,15,36,no,summer
601,9,1,36,no,summer
602,1,14,37,no,winter
603,4,28,37,no,spring
604,9,1,38,no,summer
605,10,15,38,no,fall
606,12,6,38,no,winter
607,2,2,39,no,winter
608,1,1,40,yes,winter
609,3,14,41,no,winter
610,6,15,41,yes,spring
611,8,2,41,no,summer
612,9,25,41,no,fall
613,1,1,42,no,winter
614,9,22,42,no,fall
615,12,12,42,no,fall
616,12,27,42,yes,winter
617,9,10,43,no,summer
618,10,19,43,no,fall
619,1,1,44,no,winter
620,12,12,44,no,fall
621,7,18,45,no,summer
622,6,17,46,yes,spring
623,7,29,46,yes,summer
624,9,15,46,yes,summer
625,2,8,47,no,winter
626,2,5,47,no,winter
627,4,12,47,no,spring
628,4,30,47,no,spring
629,9,1,47,yes,summer
630,3,16,48,no,winter
631,4,21,48,no,spring
632,11,1,50,no,fall
633,10,31,48,yes,fall
634,5,31,48,yes,spring
635,9,14,48,no,summer
636,8,22,49,yes,summer
637,9,9,49,no,fall
638,9,17,49,no,summer
639,1,1,50,yes,winter
640,3,29,50,no,spring
641,4,8,50,no,spring
642,4,20,50,no,spring
643,6,15,50,no,spring
644,8,1,50,no,summer
645,11,21,50,no,fall
646,1,1,51,yes,winter
647,1,1,51,yes,winter
648,2,9,51,no,winter
649,12,19,51,no,fall
650,1,14,52,yes,winter
651,5,1,52,no,spring
652,1,1,53,no,winter
653,12,31,53,no,winter
654,5,21,53,no,spring
655,7,14,53,no,summer
656,9,5,53,no,fall
657,1,30,54,no,winter
658,2,18,54,no,winter
659,4,7,54,no,spring
660,9,13,54,yes,summer
661,1,1,55,no,winter
662,8,31,55,no,summer
663,7,11,55,yes,summer
664,11,12,55,no,fall
665,10,15,54,no,fall
666,1,18,56,no,winter
667,8,31,56,no,summer
668,11,1,56,no,fall
669,12,9,56,yes,winter
670,10,15,57,no,fall
671,12,31,58,no,winter
672,3,8,57,no,spring
673,1,1,57,no,winter
674,8,11,57,yes,summer
675,11,22,57,no,fall
676,1,1,58,no,winter
677,3,2,58,yes,winter
678,1,1,58,no,winter
679,11,7,58,no,fall
680,1,1,59,no,winter
681,1,1,59,no,winter
682,6,17,58,no,spring
683,10,23,58,no,fall
684,2,16,59,yes,winter
685,3,27,59,no,spring
686,6,20,59,no,spring
687,2,16,59,yes,winter
688,1,1,60,no,winter
689,1,1,60,no,winter
690,1,1,60,no,winter
691,5,30,61,no,spring
692,8,31,61,no,summer
693,2,4,60,no,winter
694,4,18,60,yes,spring
695,5,14,60,no,spring
696,3,7,63,no,spring
697,9,7,60,no,fall
698,2,25,61,no,winter
699,1,1,61,yes,winter
700,5,31,61,no,spring
701,12,11,62,no,fall
702,10,14,61,no,fall
703,1,1,62,yes,winter
704,10,8,62,yes,fall
705,4,4,62,no,spring
706,1,1,62,yes,winter
707,1,1,63,no,winter
708,6,3,63,yes,summer
709,7,28,63,yes,summer
710,10,12,62,no,fall
711,1,1,63,no,winter
712,5,3,63,no,spring
713,11,29,63,no,fall
714,12,11,63,no,fall
715,9,16,64,no,summer
716,1,1,64,no,winter
717,1,1,64,no,winter
718,9,16,64,no,summer
719,12,2,64,no,fall
720,3,28,64,no,spring
721,12,15,64,no,fall
722,1,1,65,no,winter
723,1,1,65,no,winter
724,1,2,65,no,winter
725,1,9,65,no,winter
726,1,14,65,no,winter
727,2,18,65,no,winter
728,3,1,65,yes,winter
729,7,8,65,no,summer
730,1,1,66,no,winter
731,1,1,66,no,winter
732,1,1,66,no,winter
733,1,1,66,no,winter
734,3,4,66,no,spring
735,3,4,66,no,spring
736,4,14,66,no,spring
737,1,1,66,no,winter
738,11,3,66,no,fall
739,1,1,67,yes,winter
740,1,1,67,yes,winter
741,1,1,67,yes,winter
742,1,1,67,yes,winter
743,4,20,67,no,spring
744,4,17,67,yes,spring
745,10,12,67,no,fall
746,1,1,68,yes,winter
747,6,5,68,no,summer
748,8,19,68,yes,summer
749,1,13,68,no,winter
750,2,2,68,no,winter
751,10,21,68,yes,fall
752,1,1,69,no,winter
753,2,2,69,yes,winter
754,2,9,69,yes,winter
755,1,1,69,no,winter
756,1,1,69,no,winter
757,5,2,69,no,spring
758,5,11,69,yes,spring
759,5,21,69,no,spring
760,8,4,69,yes,summer
761,12,2,69,no,fall
762,12,28,69,yes,winter
763,2,6,70,no,winter
764,2,27,70,no,winter
765,5,5,70,no,spring
766,4,30,70,no,spring
767,6,28,70,yes,summer
768,7,5,70,yes,summer
769,8,20,70,no,summer
770,10,5,70,yes,fall
771,1,1,71,no,winter
772,2,15,71,yes,winter
773,3,4,71,no,spring
774,4,30,71,no,spring
775,5,1,71,no,spring
776,5,4,71,no,spring
777,5,4,71,no,spring
778,5,14,71,no,spring
779,7,23,71,no,summer
780,8,16,71,yes,summer
781,9,24,86,no,fall
782,8,27,71,no,summer
783,2,19,72,no,winter
784,6,1,72,no,spring
785,1,1,73,yes,winter
786,4,30,73,yes,spring
787,5,1,72,yes,spring
788,5,15,72,yes,spring
789,6,13,72,no,spring
790,9,1,72,no,summer
791,1,1,73,yes,winter
792,3,18,73,yes,winter
793,8,1,73,no,summer
794,8,27,73,yes,summer
795,5,5,73,no,spring
796,6,17,73,yes,spring
797,1,1,74,no,winter
798,7,31,74,no,summer
799,1,1,74,no,winter
800,6,30,74,yes,summer
801,6,30,74,yes,summer
802,5,31,74,no,spring
803,4,3,74,no,spring
804,4,29,74,yes,spring
805,5,2,74,no,spring
806,5,21,74,no,spring
807,7,3,74,no,summer
808,10,30,74,no,fall
809,1,1,75,no,winter
810,3,1,75,no,winter
811,5,31,75,no,spring
812,6,1,75,yes,spring
813,6,25,75,no,summer
814,7,22,75,no,summer
815,7,25,75,no,summer
816,7,28,75,yes,summer
817,11,10,75,yes,fall
818,1,2,76,no,winter
819,2,1,76,yes,winter
820,5,4,76,no,spring
821,2,3,76,no,winter
822,2,3,76,no,winter
823,1,1,77,no,winter
824,1,31,77,yes,winter
825,4,15,76,no,spring
826,7,15,76,no,summer
827,12,27,77,no,winter
828,4,5,76,yes,spring
829,4,1,76,no,spring
830,2,1,78,no,winter
831,2,11,78,no,winter
832,7,12,76,yes,summer
833,8,11,76,no,summer
834,12,26,76,yes,winter
835,1,1,77,no,winter
836,8,27,76,no,summer
837,3,13,77,yes,winter
838,4,12,78,no,spring
839,1,1,77,no,winter
840,5,25,78,no,spring
841,8,4,78,no,summer
842,1,1,78,yes,winter
843,8,31,78,no,summer
844,1,16,78,yes,winter
845,1,24,78,no,winter
846,1,26,78,no,winter
847,7,11,78,no,summer
848,9,5,78,no,fall
849,1,1,79,yes,winter
850,1,1,79,yes,winter
851,1,1,79,yes,winter
852,1,1,79,yes,winter
853,2,20,79,no,winter
854,2,14,79,no,winter
855,2,24,79,no,winter
856,3,29,79,no,spring
857,2,21,79,no,winter
858,3,5,79,yes,spring
859,5,3,79,no,spring
860,5,31,79,no,spring
861,4,24,79,no,spring
862,1,1,80,no,winter
863,5,12,79,no,spring
864,6,5,79,no,summer
865,8,7,79,no,summer
866,1,1,80,no,winter
867,1,1,80,no,winter
868,9,7,79,no,fall
869,9,13,79,no,summer
870,11,16,79,no,fall
871,5,20,80,no,spring
872,5,28,80,no,spring
873,12,18,79,no,fall
874,6,1,80,yes,spring
875,7,7,80,yes,summer
876,7,14,80,yes,summer
877,12,4,80,no,winter
878,3,22,80,no,spring
879,12,27,80,no,winter
880,1,1,81,no,winter
881,1,1,81,no,winter
882,1,1,81,no,winter
883,1,1,81,no,winter
884,2,20,81,no,winter
885,2,23,81,yes,winter
886,4,29,81,no,spring
887,7,3,81,no,summer
888,7,28,81,no,summer
889,8,1,81,no,summer
890,10,28,81,no,fall
891,1,1,82,no,winter
892,1,1,82,no,winter
893,10,31,81,no,fall
894,6,6,82,yes,summer
895,1,19,82,no,winter
896,2,1,82,yes,winter
897,1,5,82,no,winter
898,2,14,82,yes,winter
899,2,22,82,yes,winter
900,2,22,82,yes,winter
901,2,28,82,yes,winter
902,4,17,82,no,spring
903,5,31,82,yes,spring
904,6,14,82,yes,spring
905,10,14,82,no,fall
906,1,1,83,no,winter
907,8,3,82,no,summer
908,1,10,83,yes,winter
909,3,6,83,yes,spring
910,1,1,83,no,winter
911,1,1,83,no,winter
912,3,20,83,yes,spring
913,5,3,83,no,spring
914,7,1,83,no,summer
915,8,31,83,no,summer
916,1,19,83,no,winter
917,6,2,83,no,spring
918,6,24,83,no,summer
919,3,10,83,no,winter
920,5,10,83,no,spring
921,7,9,83,no,summer
922,8,3,83,no,summer
923,10,25,83,no,fall
924,12,7,83,no,winter
925,12,25,83,yes,winter
926,8,31,84,no,summer
927,1,1,84,yes,winter
928,1,1,84,yes,winter
929,1,1,84,yes,winter
930,1,1,84,yes,winter
931,2,8,84,no,winter
932,1,5,84,no,winter
933,2,17,84,no,winter
934,5,6,84,yes,spring
935,4,28,84,no,spring
936,7,31,84,no,summer
937,4,15,84,yes,spring
938,4,30,84,yes,spring
939,5,8,84,no,spring
940,5,3,85,no,spring
941,7,15,84,yes,summer
942,9,2,84,yes,summer
943,9,3,84,yes,fall
944,10,6,84,no,fall
945,1,1,85,no,winter
946,10,8,84,yes,fall
947,10,12,84,no,fall
948,3,2,85,no,winter
949,5,30,85,no,spring
950,8,31,85,no,summer
951,6,23,85,yes,summer
952,1,21,86,no,winter
953,2,8,86,no,winter
954,4,6,85,no,spring
955,5,31,85,no,spring
956,3,31,86,yes,spring
957,12,24,86,no,winter
958,7,1,85,yes,summer
959,12,2,85,yes,fall
960,12,12,85,no,fall
961,8,1,86,no,summer
962,1,1,86,no,winter
963,11,13,92,no,fall
964,1,1,86,no,winter
965,4,1,86,no,spring
966,5,13,87,no,spring
967,11,17,87,no,fall
968,3,23,87,yes,spring
969,8,3,09,no,summer
970,6,17,11,no,spring
971,2,25,11,no,winter
972,5,22,11,yes,spring
973,6,16,11,no,spring
974,6,22,11,no,summer
975,6,14,11,no,spring
976,7,9,11,yes,summer
977,6,9,11,no,summer
978,5,28,11,yes,spring
979,6,28,11,no,summer
980,5,31,11,no,spring
981,12,15,10,no,fall
982,9,4,10,yes,fall
983,2,2,03,yes,winter
984,12,13,08,yes,fall
985,9,28,08,yes,fall
986,6,27,11,no,summer
987,7,25,11,no,summer
988,7,14,11,no,summer
989,8,20,11,yes,summer
990,8,22,11,no,summer
991,9,25,10,yes,fall
992,11,20,09,no,fall
993,8,30,11,no,summer
994,3,25,12,yes,spring
995,4,1,12,yes,spring
996,8,19,05,no,summer
997,7,20,12,no,summer
998,3,13,89,yes,winter
999,3,11,11,no,winter
1000,6,25,12,no,summer
1001,10,3,12,no,fall
1002,6,23,12,yes,summer
1003,9,12,12,no,summer
1004,5,29,12,no,spring
1005,5,28,12,no,spring
1006,10,10,12,no,fall
1007,7,8,13,no,summer
1008,,,,no,0
1011,6,30,12,yes,summer
1012,5,31,13,no,spring
1013,6,28,13,no,summer
1014,6,7,12,no,summer
1015,7,12,10,no,summer
1016,10,22,13,no,fall
1017,6,25,12,no,summer
1018,8,1,12,no,summer
1019,9,11,12,no,summer
1020,4,1,12,yes,spring
1021,8,6,12,no,summer
1022,9,30,14,no,fall
1023,9,18,14,no,summer
1024,6,21,13,no,summer
1025,2,27,12,no,winter
1026,8,12,14,no,summer
1027,10,22,14,no,fall
1028,2,1,14,yes,winter
1029,5,2,14,no,spring
1030,10,21,14,no,fall
1031,12,26,13,no,winter
1032,,,,no,0
1033,,,,no,0
1036,,,,no,0
1039,7,6,14,yes,summer
1040,1,3,14,no,winter
1041,5,1,14,no,spring
1042,,,,no,0
1045,7,14,14,no,summer
1046,,,,no,0
1048,,,,no,0
1049,7,18,15,yes,summer
1050,8,3,15,no,summer
1051,5,11,15,no,spring
1052,3,9,15,no,spring
1053,6,23,15,no,summer
1054,3,28,15,yes,spring
1055,5,12,15,no,spring
1056,2,17,15,no,winter
1057,5,29,15,no,spring
1058,4,20,15,no,spring
1059,2,18,15,no,winter
1060,9,11,15,no,summer
1061,8,29,15,yes,summer
1062,4,8,15,no,spring
1063,6,12,15,no,spring
1064,7,22,15,no,summer
1065,8,5,15,no,summer
1066,7,22,15,no,summer
1067,7,12,15,yes,summer
1068,9,29,16,no,fall
1069,11,29,16,no,fall
1070,12,25,16,yes,winter
1071,12,21,16,no,winter
1072,7,21,16,no,summer
1073,11,18,16,no,fall
1074,2,26,16,no,winter
1075,3,26,16,yes,spring
1076,7,8,16,no,summer
1077,3,29,16,no,spring
1078,3,29,16,no,spring
1079,6,28,16,no,summer
1080,4,30,16,yes,spring
1081,10,13,16,no,fall
1082,4,5,16,no,spring
1083,6,27,16,no,summer
1084,7,20,16,no,summer
1085,8,4,16,no,summer
1086,8,25,16,no,summer
1087,7,6,16,no,summer
1088,10,16,16,yes,fall
1089,10,8,16,yes,fall
1090,3,10,16,no,winter
1091,10,13,16,no,fall
1092,6,17,16,no,spring
1093,6,25,16,yes,summer
1094,7,20,16,no,summer
1095,7,11,16,no,summer
1096,6,30,16,no,summer
1097,7,16,16,yes,summer
1098,4,21,16,no,spring
1099,7,31,16,yes,summer
1100,6,1,16,no,spring
